{
  "Title": "Star Wars: Episode VI - Return of the Jedi",
  "Year": "1983",
  "Rated": "PG",
  "Released": "25 May 1983",
  "Runtime": "131 min",
  "Genre": "Action, Adventure, Fantasy, Sci-Fi",
  "Director": "Richard Marquand",
  "Writer": "Lawrence Kasdan (screenplay by), George Lucas (screenplay by), George Lucas (story by)",
  "Actors": "Mark Hamill, Harrison Ford, Carrie Fisher, Billy Dee Williams",
  "Plot": "After a daring mission to rescue Han Solo from Jabba the Hutt, the Rebels dispatch to Endor to destroy the second Death Star. Meanwhile, Luke struggles to help Darth Vader back from the dark side without falling into the Emperor's trap.",
  "Language": "English",
  "Country": "USA",
  "Awards": "Nominated for 4 Oscars. Another 22 wins & 16 nominations.",
  "Poster": "Poster_03.jpg",
  "imdbRating": "8.3",
  "imdbVotes": "932,430",
  "imdbID": "tt0086190",
  "Type": "movie",
  "Production": "Lucasfilm Ltd."
}
