{
  "Title": "Star Wars: Episode V - The Empire Strikes Back",
  "Year": "1980",
  "Rated": "PG",
  "Released": "20 Jun 1980",
  "Runtime": "124 min",
  "Genre": "Action, Adventure, Fantasy, Sci-Fi",
  "Director": "Irvin Kershner",
  "Writer": "Leigh Brackett (screenplay by), Lawrence Kasdan (screenplay by), George Lucas (story by)",
  "Actors": "Mark Hamill, Harrison Ford, Carrie Fisher, Billy Dee Williams",
  "Plot": "After the Rebels are brutally overpowered by the Empire on the ice planet Hoth, Luke Skywalker begins Jedi training with Yoda, while his friends are pursued by Darth Vader and a bounty hunter named Boba Fett all over the galaxy.",
  "Language": "English",
  "Country": "USA",
  "Awards": "Won 1 Oscar. Another 24 wins & 20 nominations.",
  "Poster": "Poster_02.jpg",
  "imdbRating": "8.7",
  "imdbVotes": "1,136,399",
  "imdbID": "tt0080684",
  "Type": "movie",
  "Production": "Lucasfilm Ltd."
}
