{
  "Title": "Star Wars: Episode IV - A New Hope",
  "Year": "1977",
  "Rated":"PG",
  "Released": "25 May 1977",
  "Runtime": "121 min",
  "Genre": "Action, Adventure, Fantasy, Sci-Fi",
  "Director": "George Lucas",
  "Writer": "George Lucas",
  "Actors": "Mark Hamill, Harrison Ford, Carrie Fisher, Peter Cushing",
  "Plot": "Luke Skywalker joins forces with a Jedi Knight, a cocky pilot, a Wookiee and two droids to save the galaxy from the Empire's world-destroying battle station, while also attempting to rescue Princess Leia from the mysterious Darth Vader.",
  "Language": "English",
  "Country": "USA",
  "Awards": "Won 6 Oscars. Another 52 wins & 29 nominations.",
  "Poster": "Poster_01.jpg",
  "imdbRating": "8.6",
  "imdbVotes": "1,208,256",
  "imdbID": "tt0076759",
  "Type": "movie",
  "Production": "Lucasfilm Ltd."
}
