{"Title":"Star Wars: Episode II - Attack of the Clones","Year":"2002","Rated":"PG","Released":"16 May 2002","Runtime":"142 min","Genre":"Action, Adventure, Fantasy, Sci-Fi","Director":"George Lucas","Writer":"George Lucas (screenplay by), Jonathan Hales (screenplay by), George Lucas (story by)","Actors":"Ewan McGregor, Natalie Portman, Hayden Christensen, Christopher Lee","Plot":"Ten years after initially meeting, Anakin Skywalker shares a forbidden romance with Padmé Amidala, while Obi-Wan Kenobi investigates an assassination attempt on the senator and discovers a secret clone army crafted for the Jedi.","Language":"English","Country":"USA","Awards":"Nominated for 1 Oscar. Another 19 wins & 64 nominations.","Poster":"Poster_07.jpg","imdbRating":"6.5","imdbVotes":"628,069","imdbID":"tt0121765","Type":"movie","Production":"Lucasfilm Ltd., Twentieth Century Fox"}
