{"Title":"Star Wars: Episode III - Revenge of the Sith","Year":"2005","Rated":"PG-13","Released":"19 May 2005","Runtime":"140 min","Genre":"Action, Adventure, Fantasy, Sci-Fi","Director":"George Lucas","Writer":"George Lucas","Actors":"Ewan McGregor, Natalie Portman, Hayden Christensen, Ian McDiarmid","Plot":"Three years into the Clone Wars, the Jedi rescue Palpatine from Count Dooku. As Obi-Wan pursues a new threat, Anakin acts as a double agent between the Jedi Council and Palpatine and is lured into a sinister plan to rule the galaxy.","Language":"English","Country":"USA","Awards":"Nominated for 1 Oscar. Another 26 wins & 62 nominations.","Poster":"Poster_06.jpg","imdbRating":"7.5","imdbVotes":"696,697","imdbID":"tt0121766","Type":"movie","Production":"Lucasfilm Ltd."}
