{
  "Title": "Star Wars: Episode I - The Phantom Menace",
  "Year": "1999",
  "Rated": "PG",
  "Released": "19 May 1999",
  "Runtime": "136 min",
  "Genre": "Action, Adventure, Fantasy, Sci-Fi",
  "Director": "George Lucas",
  "Writer": "George Lucas",
  "Actors": "Liam Neeson, Ewan McGregor, Natalie Portman, Jake Lloyd",
  "Plot": "Two Jedi escape a hostile blockade to find allies and come across a young boy who may bring balance to the Force, but the long dormant Sith resurface to claim their original glory.",
  "Language": "English",
  "Country": "USA",
  "Awards": "Nominated for 3 Oscars. Another 26 wins & 66 nominations.",
  "Poster": "Poster_05.jpg",
  "imdbRating": "6.5",
  "imdbVotes": "715,539",
  "imdbID": "tt0120915",
  "Type": "movie",
  "Production": "Lucasfilm Ltd."
}
