{"Title":"Star Trek","Year":"2009","Rated":"PG-13","Released":"08 May 2009","Runtime":"127 min","Genre":"Action, Adventure, Sci-Fi","Director":"J.J. Abrams","Writer":"Roberto Orci, Alex Kurtzman, Gene Roddenberry (television series \"Star Trek\")","Actors":"Chris Pine, Zachary Quinto, Leonard Nimoy, Eric Bana","Plot":"The brash James T. Kirk tries to live up to his father's legacy with Mr. Spock keeping him in check as a vengeful Romulan from the future creates black holes to destroy the Federation one planet at a time.","Language":"English","Country":"USA, Germany","Awards":"Won 1 Oscar. Another 24 wins & 93 nominations.","Poster":"Poster_08.jpg","imdbRating":"7.9","imdbVotes":"572,780","imdbID":"tt0796366","Type":"movie","Production":"Bad Robot"}
