{"Title":"Star Wars: Episode VII - The Force Awakens","Year":"2015","Rated":"PG-13","Released":"18 Dec 2015","Runtime":"138 min","Genre":"Action, Adventure, Sci-Fi","Director":"J.J. Abrams","Writer":"Lawrence Kasdan, J.J. Abrams, Michael Arndt, George Lucas (based on characters created by)","Actors":"Harrison Ford, Mark Hamill, Carrie Fisher, Adam Driver","Plot":"As a new threat to the galaxy rises, Rey, a desert scavenger, and Finn, an ex-stormtrooper, must join Han Solo and Chewbacca to search for the one hope of restoring peace.","Language":"English","Country":"USA","Awards":"Nominated for 5 Oscars. Another 62 wins & 126 nominations.","Poster":"","imdbRating":"7.9","imdbVotes":"847,768","imdbID":"tt2488496","Type":"movie","Production":"Lucasfilm Ltd., Bad Robot"}
