{"Title":"Star Wars: Episode VIII - The Last Jedi","Year":"2017","Rated":"PG-13","Released":"15 Dec 2017","Runtime":"152 min","Genre":"Action, Adventure, Fantasy, Sci-Fi","Director":"Rian Johnson","Writer":"Rian Johnson, George Lucas (based on characters created by)","Actors":"Mark Hamill, Carrie Fisher, Adam Driver, Daisy Ridley","Plot":"Rey develops her newly discovered abilities with the guidance of Luke Skywalker, who is unsettled by the strength of her powers. Meanwhile, the Resistance prepares for battle with the First Order.","Language":"English","Country":"USA","Awards":"Nominated for 4 Oscars. Another 24 wins & 90 nominations.","Poster":"","imdbRating":"7.0","imdbVotes":"550,181","imdbID":"tt2527336","Type":"movie","Production":"Lucasfilm Ltd."}
