{"Title":"Rogue One: A Star Wars Story","Year":"2016","Rated":"PG-13","Released":"16 Dec 2016","Runtime":"133 min","Genre":"Action, Adventure, Sci-Fi","Director":"Gareth Edwards","Writer":"Chris Weitz (screenplay by), Tony Gilroy (screenplay by), John Knoll (story by), Gary Whitta (story by), George Lucas (based on characters created by)","Actors":"Felicity Jones, Diego Luna, Alan Tudyk, Donnie Yen","Plot":"The daughter of an Imperial scientist joins the Rebel Alliance in a risky move to steal the plans for the Death Star.","Language":"English","Country":"USA","Awards":"Nominated for 2 Oscars. Another 24 wins & 80 nominations.","Poster":"Poster_10.jpg","imdbRating":"7.8","imdbVotes":"540,185","imdbID":"tt3748528","Type":"movie","Production":"Lucasfilm Ltd."}
